Name,Author,Process,Taste,Time,Difficulty,Collections,Looks
土豆饼,美食小编,煎,家常味,15分钟,初级入门,727,3796
土豆丝卷饼,美食小编,煎,香辣味,15分钟,初级入门,12899,2096
煎米饼,美食小编,煎,咸鲜味,30分钟,初中水平,4109,1503
酱油炒饭,美食小编,炒,家常味,15分钟,初级入门,620,2230
梅森杯素食沙拉,龙宝宝陈诺（陈筱盈）,煮,家常味,5分钟,新手尝试,3242,6522
营养早餐烤鸡蛋,萌城美食,烤,家常味,30分钟,初级入门,368,12077
银耳红枣汤,美食小编,煮,咸鲜味,10分钟,初级入门,589,3326
蛋挞,美食小编,烘焙,甜味,30分钟,初级入门,14630,3405
宫廷牛肉酥饼,一枝独秀1987,烙,咸鲜味,10分钟,未知,1987,459
燕麦片粥,美食小编,煲,奶香味,30分钟,新手尝试,1576,2031
蒸鸡蛋羹,征服之海,蒸,咸鲜味,10分钟,初级入门,1293,221625
扇贝鲜肉生煎包,一枝独秀1987,煎,咸鲜味,10分钟,未知,1987,2509
南瓜粥,美食小编,煮,甜味,60分钟,初级入门,334,3061
花式豆沙包,惠©呼吸的痛,蒸,甜味,2小时,未知,5718,6884
酸汤肥牛面,梅子做美食,煮,酸甜味,15分钟,初级入门,916,2623
红糖馒头,孔老师教做菜,蒸,甜味,5分钟,新手尝试,746,3020
金色馒头片,Qiuyue0815,煎,家常味,10分钟,新手尝试,815,308
牛肉锅贴,苏苏爱美食,煎,家常味,15分钟,初中水平,781,42693
超级酥脆的空心小烧饼,九九味,烤,家常味,2小时,初中水平,312,1461
广式糯米烧卖,水星妞,蒸,咸鲜味,30分钟,初级入门,15156,9289
鸡蛋土豆丝饼,紫韵千千,煎,黑椒味,10分钟,初级入门,531,1990
糖酥饼,梅子做美食,烘焙,甜味,60分钟,中级掌勺,499,1573
清炖鸡汤,美食小编,炖,家常味,数小时,初级入门,1770,3532
三鲜大馄饨,芹意,煮,咸鲜味,30分钟,中级掌勺,384,11390
菜叶窝头,飘零星,蒸,家常味,30分钟,初级入门,12035,10218
快手早餐——鸡蛋三明治,天蓝0714,其它工艺,咸鲜味,5分钟,新手尝试,714,11053
葱花鸡蛋饼,美食小编,煎,家常味,15分钟,初中水平,11553,2208
多谷欧包,meggy跳舞的苹果,烘焙,家常味,30分钟,初级入门,443,1396
自制油条,辽南蟹,炸,家常味,30分钟,初中水平,11697,9114
豆浆及豆渣鸡蛋薄饼,春末夏初_Smile_等待花开_,煎,咸鲜味,60分钟,新手尝试,2989,1231
奶香豆沙包,悠哈厨房,蒸,甜味,30分钟,新手尝试,9455,4241
冰花小馄饨,1粗茶淡饭1,煎,咸鲜味,15分钟,初级入门,1,1
紫薯燕麦牛奶羹,悠哈厨房,煮,甜味,10分钟,新手尝试,24026,24734
油茶,tgcyy,炒,家常味,15分钟,中级掌勺,12083,4409
皮蛋瘦肉粥,美食小编,煮,咸鲜味,15分钟,初级入门,5164,2569
清蒸鲈鱼,美食小编,烧,鱼香味,30分钟,初中水平,1222,1968
黄金燕麦糕,九九味,蒸,酸甜味,60分钟,初级入门,461,1807
蒸菜,美食小编,蒸,家常味,30分钟,新手尝试,475,2957
美翻天的小馄饨包法,花儿的美食厨房,煮,咸鲜味,10分钟,初中水平,24248,17630
荞麦馒头,孔老师教做菜,蒸,甜味,5分钟,新手尝试,310,1693
韭菜鸡蛋饺子,美食小编,煮,家常味,15分钟,新手尝试,532,1076
三明治,美食小编,烘焙,咸鲜味,5分钟,新手尝试,2949,1271
